{"cameraMode":{"drawMode":0,"name":"Shaded","section":"Shading Mode"},"sceneLighting":false,"audioPlay":false,"sceneViewState":{"showFog":true,"showMaterialUpdate":false,"showSkybox":true,"showFlares":true,"showImageEffects":true,"showParticleSystems":true},"in2DMode":false,"pivot":{"x":-0.000001430511474609375,"y":0.4999995231628418,"z":-3.999999523162842},"rotation":{"x":-0.0884578749537468,"y":-0.07255156338214874,"z":0.00646175816655159,"w":-0.9934131503105164},"size":28.86321449279785,"orthographic":false}